{
    "root_group": {
        "name": "",
        "path": "",
        "id": "d41d8cd98f00b204e9800998ecf8427e",
        "groups": {},
        "checks": {
                "status is 200": {
                    "path": "::status is 200",
                    "id": "6210a8cd14cd70477eba5c5e4cb3fb5f",
                    "passes": 600,
                    "fails": 0,
                    "name": "status is 200"
                }
            }
    },
    "metrics": {
        "http_req_tls_handshaking": {
            "avg": 0,
            "min": 0,
            "med": 0,
            "p(90)": 0,
            "p(95)": 0,
            "max": 0
        },
        "http_req_duration": {
            "min": 1.232655,
            "med": 3.4134915,
            "p(90)": 4.7577091000000005,
            "p(95)": 45.98149244999793,
            "max": 189.509203,
            "avg": 11.081653311666644
        },
        "http_req_receiving": {
            "avg": 0.024259018333333337,
            "min": 0.008526,
            "med": 0.022567499999999997,
            "p(90)": 0.034328000000000004,
            "p(95)": 0.03947955,
            "max": 0.112104
        },
        "data_sent": {
            "count": 53400,
            "rate": 1754.5303730569806
        },
        "http_req_failed": {
            "passes": 0,
            "fails": 600,
            "thresholds": {
                "rate<0.01": false
            },
            "value": 0
        },
        "data_received": {
            "rate": 7077.262965477034,
            "count": 215400
        },
        "vus": {
            "value": 20,
            "min": 20,
            "max": 20
        },
        "checks": {
            "passes": 600,
            "fails": 0,
            "value": 1
        },
        "iterations": {
            "count": 600,
            "rate": 19.713824416370567
        },
        "iteration_duration": {
            "max": 1190.029373,
            "avg": 1011.6687723016674,
            "min": 1001.46342,
            "med": 1003.96424,
            "p(90)": 1005.4820876,
            "p(95)": 1046.146863449998
        },
        "vus_max": {
            "value": 20,
            "min": 20,
            "max": 20
        },
        "http_reqs": {
            "count": 600,
            "rate": 19.713824416370567
        },
        "http_req_sending": {
            "avg": 0.009750746666666667,
            "min": 0.004017,
            "med": 0.0073690000000000005,
            "p(90)": 0.013696900000000001,
            "p(95)": 0.01970705,
            "max": 0.098859
        },
        "http_req_blocked": {
            "min": 0.001573,
            "med": 0.002735,
            "p(90)": 0.004249,
            "p(95)": 0.0055764999999999955,
            "max": 0.519499,
            "avg": 0.017708130000000034
        },
        "http_req_connecting": {
            "avg": 0.004331061666666668,
            "min": 0,
            "med": 0,
            "p(90)": 0,
            "p(95)": 0,
            "max": 0.234717
        },
        "http_req_waiting": {
            "p(90)": 4.7287268000000005,
            "p(95)": 45.95128454999793,
            "max": 189.425674,
            "avg": 11.047643546666665,
            "min": 1.204392,
            "med": 3.3795715
        },
        "http_req_duration{expected_response:true}": {
            "avg": 11.081653311666644,
            "min": 1.232655,
            "med": 3.4134915,
            "p(90)": 4.7577091000000005,
            "p(95)": 45.98149244999793,
            "max": 189.509203
        }
    }
}